forged/I00_dgzb67i_0.jpg,original/I00_68l3le.jpg
forged/I01_d4a2hp0_0.jpg,original/I01_4o5ya9.jpg
forged/I02_dm545yj_0.jpg,original/I02_6vzqfn.jpg
forged/I03_d3hme6v_0.jpg,original/I03_4ktb2f.jpg
forged/I04_d55zi8z_0.jpg,original/I04_4s2k21.jpg
forged/I05_clefa92_0.jpg,original/I05_2jqlf6.jpg
forged/I06_dggssp3_0.jpg,original/I06_669c9k.jpg
forged/I07_crowr3x_0.jpg,original/I07_37q0oh.png
forged/I08_cdycjjy_0.jpg,original/I08_1sjp0u.jpg
forged/I09_co91yc6_0.jpg,original/I09_2ujfp6.jpg
forged/I10_d2ocrts_0.jpg,original/I10_4h8f1e.jpg
forged/I11_c7u11qp_0.jpg,original/I11_169anw.jpg
forged/I12_cywkdza_0.jpg,original/I12_40rduy.jpg
forged/I13_cqbsyzy_0.jpg,original/I13_32iqpy.jpg
forged/I14_cegecbv_0.png,original/I14_1ub50h.jpg
forged/I15_dp0kyvg_0.png,original/I15_79a8hf.jpg
forged/I16_cpjvj5p_0.png,original/I16_2zjvv3.jpg
forged/I17_cyjua90_0.png,original/I17_3z56wd.jpg
forged/I18_d40zw97_0.png,original/I18_4n5aje.jpg
forged/I19_crzkc6n_0.png,original/I19_390tlb.jpg
forged/I20_c4hj6hw_0.png,original/I20_svtt8.jpg
forged/I21_cmu4j71_0.png,original/I21_2p7n3o.jpg
forged/I22_cz0u4ta_0.png,original/I22_41abgj.jpg
forged/I23_d28n9t6_0.jpg,original/I23_4fgbl2.jpg
forged/I24_d4t4tzx_0.jpg,original/I24_4qhnk9.jpg
forged/I25_cfqcby6_0.jpg,original/I25_1z31rb.jpg
forged/I26_cgltm2m_0.jpg,original/I26_22cznc.jpg
forged/I27_cjjkjik_0.jpg,original/I27_2cvv5i.jpg
forged/I28_c7oss1x_0.jpg,original/I28_15q23x.jpg
forged/I29_dg8jy3k_0.jpg,original/I29_658m66.jpg
forged/I30_d51khip_0.jpg,original/I30_4ri2dj.jpg
forged/I31_cg3bysj_0.jpg,original/I31_20h83b.jpg
forged/I32_c63ghlk_0.jpg,original/I32_zceyu.jpg
forged/I33_dgzdnl4_0.jpg,original/I33_68l3le.jpg
forged/I34_d4t7pgj_0.jpg,original/I34_4qhnk9.jpg
forged/I35_c5vuwc7_0.jpg,original/I35_yi6r4.jpg
forged/I36_c6kg201_0.jpg,original/I36_11964e.jpg
forged/I37_cc88vwh_0.jpg,original/I37_1mdk41.jpg
forged/I38_cnsju41_0.jpg,original/I38_2ssod2.jpg
forged/I39_cle8spn_0.jpg,original/I39_2jqlf6.jpg
forged/I40_d3cu30o_0.jpg,original/I40_4k6x35.png
forged/I41_dlj1nzd_0.jpg,original/I41_6t7s24.jpg
forged/I42_c8rf1vq_0.jpg,original/I42_19trxa.jpg
forged/I43_cgz4lc3_0.jpg,original/I43_23osp7.jpg
forged/I44_dmgwr7v_0.png,original/I44_6xl8t5.jpg
forged/I45_cpo0jq1_0.png,original/I45_2zzbvc.jpg
forged/I46_cskpjxr_0.png,original/I46_3bawtr.jpg
forged/I47_dhvjugf_0.png,original/I47_6cjlb2.jpg
forged/I48_crzprrw_0.png,original/I48_390tlb.jpg
forged/I49_cef8lx8_0.jpg,original/I49_1u6jbm.png
forged/I50_dggu54h_0.jpg,original/I50_669c9k.jpg
forged/I51_d7456il_0.jpg,original/I51_50h92j.jpg
forged/I52_dbqmwag_0.jpg,original/I52_5kteqr.jpg
forged/I53_d51atjj_0.jpg,original/I53_4ri2dj.jpg
forged/I54_cl3th0c_0.jpg,original/I54_2innxw.jpg
forged/I55_c7txjih_0.jpg,original/I55_169anw.jpg
forged/I56_cwxo9oj_0.jpg,original/I56_3si9nj.jpg
forged/I57_cjf91b6_0.jpg,original/I57_2cfkaf.jpg
forged/I58_cgzfseh_0.jpg,original/I58_23osp7.jpg
forged/I59_c542dqi_0.png,original/I59_vffqh.jpg
forged/I60_dbcjtzt_0.png,original/I60_5j09u7.jpg
forged/I61_d6t11na_0.png,original/I61_4z4dua.jpg
forged/I62_c6nq8cr_0.png,original/I62_11m0x0.jpg
forged/I63_cabftvl_0.jpg,original/I63_1fkcb9.jpg
forged/I64_d28uhu8_0.jpg,original/I64_4fgbl2.jpg
forged/I65_cnrra78_0.jpg,original/I65_2sphw5.jpg
forged/I66_ci0cfcb_0.jpg,original/I66_27fkc8.jpg
forged/I67_dlikyki_0.jpg,original/I67_6t7s24.jpg
forged/I68_cqbz5pm_0.jpg,original/I68_32iqpy.jpg
forged/I69_cn5w2hu_0.png,original/I69_2qgbfw.jpg
forged/I70_d2r3t1t_0.png,original/I70_4hndc7.jpg
forged/I71_crzjcce_0.png,original/I71_390tlb.jpg
